imageid,price
8001.jpg,816.0
8002.jpg,853.0
8003.jpg,377.3
8004.jpg,836.3
8005.jpg,582.9
8006.jpg,464.2
8007.jpg,614.9
8008.jpg,1341.7
8009.jpg,683.1
8010.jpg,740.6
8011.jpg,925.8
8012.jpg,582.5
8013.jpg,506.1
8014.jpg,683.4
8015.jpg,828.0
8016.jpg,494.7
8017.jpg,471.2
8018.jpg,635.6
8019.jpg,639.5
8020.jpg,694.6
8021.jpg,895.8
8022.jpg,635.9
8023.jpg,587.2
8024.jpg,390.6
8025.jpg,681.4
8026.jpg,484.1
8027.jpg,562.8
8028.jpg,527.3
8029.jpg,419.9
8030.jpg,464.8
8031.jpg,509.8
8032.jpg,786.9
8033.jpg,1261.6
8034.jpg,378.7
8035.jpg,709.4
8036.jpg,1011.9
8037.jpg,430.6
8038.jpg,645.3
8039.jpg,562.0
8040.jpg,627.3
8041.jpg,658.4
8042.jpg,1330.0
8043.jpg,605.9
8044.jpg,478.6
8045.jpg,1004.8
8046.jpg,960.8
8047.jpg,745.2
8048.jpg,690.4
8049.jpg,609.8
8050.jpg,924.0
8051.jpg,580.2
8052.jpg,1057.3
8053.jpg,893.4
8054.jpg,392.7
8055.jpg,714.9
8056.jpg,938.0
8057.jpg,442.1
8058.jpg,723.7
8059.jpg,1048.7
8060.jpg,656.4
8061.jpg,618.5
8062.jpg,623.1
8063.jpg,563.9
8064.jpg,473.5
8065.jpg,818.3
8066.jpg,606.3
8067.jpg,553.6
8068.jpg,565.8
8069.jpg,732.6
8070.jpg,566.5
8071.jpg,1334.4
8072.jpg,611.5
8073.jpg,937.3
8074.jpg,750.5
8075.jpg,688.7
8076.jpg,1113.9
8077.jpg,399.1
8078.jpg,386.5
8079.jpg,841.4
8080.jpg,591.3
8081.jpg,491.7
8082.jpg,694.0
8083.jpg,915.8
8084.jpg,960.2
8085.jpg,1036.4
8086.jpg,1029.0
8087.jpg,431.6
8088.jpg,1038.8
8089.jpg,518.7
8090.jpg,939.6
8091.jpg,754.1
8092.jpg,366.9
8093.jpg,917.2
8094.jpg,620.5
8095.jpg,617.2
8096.jpg,966.1
8097.jpg,781.4
8098.jpg,367.6
8099.jpg,567.4
8100.jpg,736.3
8101.jpg,676.8
8102.jpg,719.1
8103.jpg,668.1
8104.jpg,678.6
8105.jpg,605.6
8106.jpg,730.8
8107.jpg,468.9
8108.jpg,687.2
8109.jpg,625.5
8110.jpg,728.8
8111.jpg,1018.6
8112.jpg,370.3
8113.jpg,1067.1
8114.jpg,529.3
8115.jpg,717.6
8116.jpg,519.4
8117.jpg,757.8
8118.jpg,714.2
8119.jpg,627.7
8120.jpg,744.8
8121.jpg,680.2
8122.jpg,827.9
8123.jpg,981.8
8124.jpg,568.6
8125.jpg,1091.9
8126.jpg,725.5
8127.jpg,453.0
8128.jpg,957.9
8129.jpg,474.4
8130.jpg,626.3
8131.jpg,667.0
8132.jpg,1293.7
8133.jpg,834.0
8134.jpg,571.6
8135.jpg,631.1
8136.jpg,650.2
8137.jpg,739.1
8138.jpg,1020.7
8139.jpg,562.0
8140.jpg,498.5
8141.jpg,741.2
8142.jpg,570.4
8143.jpg,657.7
8144.jpg,496.9
8145.jpg,583.1
8146.jpg,668.2
8147.jpg,770.2
8148.jpg,637.3
8149.jpg,553.2
8150.jpg,652.5
8151.jpg,656.1
8152.jpg,1007.1
8153.jpg,1273.4
8154.jpg,789.4
8155.jpg,519.6
8156.jpg,557.1
8157.jpg,1362.2
8158.jpg,455.8
8159.jpg,643.5
8160.jpg,482.9
8161.jpg,801.2
8162.jpg,684.8
8163.jpg,557.2
8164.jpg,538.2
8165.jpg,775.4
8166.jpg,999.2
8167.jpg,737.2
8168.jpg,843.2
8169.jpg,657.3
8170.jpg,1191.7
8171.jpg,774.3
8172.jpg,544.2
8173.jpg,614.9
8174.jpg,589.3
8175.jpg,486.5
8176.jpg,507.3
8177.jpg,590.8
8178.jpg,939.6
8179.jpg,741.1
8180.jpg,1174.6
8181.jpg,925.5
8182.jpg,694.0
8183.jpg,479.2
8184.jpg,749.4
8185.jpg,1341.0
8186.jpg,1189.6
8187.jpg,610.5
8188.jpg,358.4
8189.jpg,809.1
8190.jpg,722.0
8191.jpg,578.5
8192.jpg,818.3
8193.jpg,905.1
8194.jpg,515.4
8195.jpg,720.8
8196.jpg,1196.5
8197.jpg,738.3
8198.jpg,610.2
8199.jpg,760.4
8200.jpg,852.3
8201.jpg,572.5
8202.jpg,1008.9
8203.jpg,609.6
8204.jpg,735.8
8205.jpg,733.2
8206.jpg,550.4
8207.jpg,691.1
8208.jpg,777.0
8209.jpg,928.9
8210.jpg,605.1
8211.jpg,883.8
8212.jpg,518.2
8213.jpg,592.3
8214.jpg,764.0
8215.jpg,452.7
8216.jpg,573.4
8217.jpg,783.7
8218.jpg,743.8
8219.jpg,438.8
8220.jpg,679.9
8221.jpg,752.9
8222.jpg,597.3
8223.jpg,667.0
8224.jpg,626.4
8225.jpg,912.6
8226.jpg,1669.0
8227.jpg,709.9
8228.jpg,619.2
8229.jpg,926.8
8230.jpg,734.1
8231.jpg,480.2
8232.jpg,739.0
8233.jpg,479.4
8234.jpg,417.0
8235.jpg,802.6
8236.jpg,544.9
8237.jpg,642.5
8238.jpg,350.1
8239.jpg,634.4
8240.jpg,521.3
8241.jpg,661.4
8242.jpg,1094.1
8243.jpg,735.0
8244.jpg,839.7
8245.jpg,736.8
8246.jpg,419.5
8247.jpg,456.5
8248.jpg,855.9
8249.jpg,788.9
8250.jpg,708.7
8251.jpg,870.6
8252.jpg,514.5
8253.jpg,1021.8
8254.jpg,736.2
8255.jpg,427.6
8256.jpg,644.8
8257.jpg,693.5
8258.jpg,1002.4
8259.jpg,576.0
8260.jpg,761.7
8261.jpg,1146.5
8262.jpg,965.1
8263.jpg,593.3
8264.jpg,412.0
8265.jpg,1110.4
8266.jpg,1171.4
8267.jpg,811.9
8268.jpg,786.2
8269.jpg,601.3
8270.jpg,284.0
8271.jpg,993.6
8272.jpg,676.2
8273.jpg,661.0
8274.jpg,726.1
8275.jpg,728.2
8276.jpg,664.1
8277.jpg,581.1
8278.jpg,778.0
8279.jpg,476.9
8280.jpg,713.0
8281.jpg,809.7
8282.jpg,602.7
8283.jpg,1174.7
8284.jpg,1077.0
8285.jpg,681.6
8286.jpg,668.9
8287.jpg,865.3
8288.jpg,328.6
8289.jpg,494.2
8290.jpg,319.8
8291.jpg,711.2
8292.jpg,1337.5
8293.jpg,552.0
8294.jpg,501.7
8295.jpg,419.2
8296.jpg,512.0
8297.jpg,505.3
8298.jpg,501.4
8299.jpg,986.0
8300.jpg,911.2
8301.jpg,602.9
8302.jpg,823.6
8303.jpg,960.5
8304.jpg,580.8
8305.jpg,1062.8
8306.jpg,758.6
8307.jpg,733.4
8308.jpg,385.1
8309.jpg,458.2
8310.jpg,705.4
8311.jpg,381.4
8312.jpg,594.8
8313.jpg,651.6
8314.jpg,735.1
8315.jpg,722.2
8316.jpg,879.9
8317.jpg,1166.8
8318.jpg,595.0
8319.jpg,664.4
8320.jpg,602.1
8321.jpg,942.0
8322.jpg,508.1
8323.jpg,512.0
8324.jpg,440.2
8325.jpg,745.3
8326.jpg,727.5
8327.jpg,717.5
8328.jpg,615.0
8329.jpg,666.6
8330.jpg,786.3
8331.jpg,615.1
8332.jpg,796.3
8333.jpg,460.2
8334.jpg,587.4
8335.jpg,418.7
8336.jpg,363.9
8337.jpg,626.3
8338.jpg,1058.7
8339.jpg,1022.5
8340.jpg,491.8
8341.jpg,767.6
8342.jpg,870.5
8343.jpg,748.9
8344.jpg,1000.4
8345.jpg,713.2
8346.jpg,1457.6
8347.jpg,562.1
8348.jpg,432.9
8349.jpg,635.4
8350.jpg,576.4
8351.jpg,794.5
8352.jpg,591.4
8353.jpg,792.4
8354.jpg,672.1
8355.jpg,584.6
8356.jpg,993.5
8357.jpg,903.6
8358.jpg,726.1
8359.jpg,557.8
8360.jpg,554.6
8361.jpg,769.3
8362.jpg,580.7
8363.jpg,674.7
8364.jpg,832.3
8365.jpg,760.2
8366.jpg,1190.1
8367.jpg,748.0
8368.jpg,443.6
8369.jpg,807.9
8370.jpg,891.4
8371.jpg,668.9
8372.jpg,1284.1
8373.jpg,838.1
8374.jpg,898.1
8375.jpg,888.4
8376.jpg,1049.5
8377.jpg,518.6
8378.jpg,664.7
8379.jpg,1005.9
8380.jpg,555.3
8381.jpg,340.7
8382.jpg,622.8
8383.jpg,712.2
8384.jpg,565.3
8385.jpg,546.5
8386.jpg,748.4
8387.jpg,327.3
8388.jpg,405.8
8389.jpg,696.8
8390.jpg,335.1
8391.jpg,808.8
8392.jpg,624.5
8393.jpg,1417.7
8394.jpg,441.6
8395.jpg,677.1
8396.jpg,862.2
8397.jpg,506.2
8398.jpg,725.7
8399.jpg,1157.2
8400.jpg,497.4
8401.jpg,902.6
8402.jpg,635.6
8403.jpg,1277.9
8404.jpg,528.2
8405.jpg,707.1
8406.jpg,1214.3
8407.jpg,533.0
8408.jpg,729.2
8409.jpg,1559.4
8410.jpg,996.0
8411.jpg,952.7
8412.jpg,710.1
8413.jpg,652.1
8414.jpg,515.7
8415.jpg,572.6
8416.jpg,638.1
8417.jpg,723.9
8418.jpg,568.7
8419.jpg,571.5
8420.jpg,657.8
8421.jpg,1024.1
8422.jpg,555.4
8423.jpg,625.7
8424.jpg,736.5
8425.jpg,631.6
8426.jpg,482.9
8427.jpg,715.7
8428.jpg,845.3
8429.jpg,615.5
8430.jpg,540.3
8431.jpg,581.7
8432.jpg,690.8
8433.jpg,671.0
8434.jpg,965.8
8435.jpg,661.5
8436.jpg,785.2
8437.jpg,990.1
8438.jpg,616.2
8439.jpg,997.3
8440.jpg,635.4
8441.jpg,775.5
8442.jpg,489.0
8443.jpg,562.0
8444.jpg,1120.6
8445.jpg,282.2
8446.jpg,921.5
8447.jpg,342.1
8448.jpg,498.3
8449.jpg,773.6
8450.jpg,643.3
8451.jpg,590.9
8452.jpg,696.9
8453.jpg,630.6
8454.jpg,474.8
8455.jpg,854.6
8456.jpg,619.4
8457.jpg,1100.2
8458.jpg,589.5
8459.jpg,578.9
8460.jpg,701.5
8461.jpg,1025.5
8462.jpg,463.3
8463.jpg,607.1
8464.jpg,909.7
8465.jpg,567.5
8466.jpg,963.4
8467.jpg,556.0
8468.jpg,512.2
8469.jpg,1144.4
8470.jpg,954.2
8471.jpg,493.7
8472.jpg,615.9
8473.jpg,482.2
8474.jpg,835.9
8475.jpg,780.8
8476.jpg,815.6
8477.jpg,659.0
8478.jpg,700.0
8479.jpg,816.9
8480.jpg,580.6
8481.jpg,705.4
8482.jpg,523.5
8483.jpg,708.7
8484.jpg,972.8
8485.jpg,661.7
8486.jpg,454.1
8487.jpg,605.4
8488.jpg,603.0
8489.jpg,476.5
8490.jpg,697.3
8491.jpg,722.6
8492.jpg,1002.0
8493.jpg,504.2
8494.jpg,647.7
8495.jpg,465.5
8496.jpg,1144.1
8497.jpg,513.9
8498.jpg,845.5
8499.jpg,555.9
8500.jpg,1219.8
8501.jpg,578.3
8502.jpg,667.5
8503.jpg,1012.8
8504.jpg,421.3
8505.jpg,490.5
8506.jpg,497.7
8507.jpg,548.0
8508.jpg,455.8
8509.jpg,464.3
8510.jpg,1295.1
8511.jpg,582.7
8512.jpg,808.6
8513.jpg,504.2
8514.jpg,492.9
8515.jpg,556.8
8516.jpg,375.2
8517.jpg,422.7
8518.jpg,610.1
8519.jpg,855.0
8520.jpg,590.7
8521.jpg,661.8
8522.jpg,862.0
8523.jpg,624.6
8524.jpg,706.4
8525.jpg,409.4
8526.jpg,636.8
8527.jpg,552.7
8528.jpg,919.4
8529.jpg,640.8
8530.jpg,589.9
8531.jpg,965.8
8532.jpg,980.3
8533.jpg,891.2
8534.jpg,503.6
8535.jpg,781.2
8536.jpg,712.5
8537.jpg,697.3
8538.jpg,554.3
8539.jpg,533.0
8540.jpg,869.9
8541.jpg,664.4
8542.jpg,553.0
8543.jpg,823.3
8544.jpg,699.0
8545.jpg,784.4
8546.jpg,701.5
8547.jpg,526.8
8548.jpg,335.8
8549.jpg,437.7
8550.jpg,518.6
8551.jpg,472.7
8552.jpg,729.0
8553.jpg,451.9
8554.jpg,668.7
8555.jpg,634.5
8556.jpg,529.6
8557.jpg,1434.1
8558.jpg,698.7
8559.jpg,573.0
8560.jpg,560.9
8561.jpg,634.6
8562.jpg,580.0
8563.jpg,757.4
8564.jpg,951.3
8565.jpg,904.1
8566.jpg,1366.6
8567.jpg,485.1
8568.jpg,642.6
8569.jpg,681.4
8570.jpg,672.4
8571.jpg,588.6
8572.jpg,567.9
8573.jpg,928.3
8574.jpg,1220.5
8575.jpg,463.3
8576.jpg,769.0
8577.jpg,625.4
8578.jpg,667.9
8579.jpg,1680.3
8580.jpg,514.4
8581.jpg,551.7
8582.jpg,1026.8
8583.jpg,942.4
8584.jpg,720.1
8585.jpg,866.5
8586.jpg,876.5
8587.jpg,981.7
8588.jpg,778.5
8589.jpg,914.2
8590.jpg,504.8
8591.jpg,630.8
8592.jpg,538.2
8593.jpg,554.4
8594.jpg,605.1
8595.jpg,749.5
8596.jpg,1550.2
8597.jpg,567.8
8598.jpg,653.9
8599.jpg,635.5
8600.jpg,974.6
8601.jpg,548.4
8602.jpg,784.0
8603.jpg,457.5
8604.jpg,1179.3
8605.jpg,598.8
8606.jpg,613.0
8607.jpg,835.3
8608.jpg,583.7
8609.jpg,600.7
8610.jpg,738.9
8611.jpg,707.5
8612.jpg,635.8
8613.jpg,755.4
8614.jpg,614.5
8615.jpg,668.1
8616.jpg,632.2
8617.jpg,583.4
8618.jpg,891.4
8619.jpg,618.0
8620.jpg,411.8
8621.jpg,681.4
8622.jpg,469.9
8623.jpg,937.3
8624.jpg,683.6
8625.jpg,765.4
8626.jpg,1099.0
8627.jpg,1012.5
8628.jpg,441.0
8629.jpg,496.6
8630.jpg,744.9
8631.jpg,640.8
8632.jpg,466.3
8633.jpg,937.2
8634.jpg,603.5
8635.jpg,679.6
8636.jpg,472.1
8637.jpg,1061.4
8638.jpg,564.5
8639.jpg,584.3
8640.jpg,801.9
8641.jpg,777.6
8642.jpg,898.0
8643.jpg,593.3
8644.jpg,1305.2
8645.jpg,812.9
8646.jpg,726.9
8647.jpg,519.0
8648.jpg,866.9
8649.jpg,445.2
8650.jpg,538.0
8651.jpg,1028.7
8652.jpg,494.6
8653.jpg,734.9
8654.jpg,594.8
8655.jpg,441.0
8656.jpg,644.1
8657.jpg,679.7
8658.jpg,864.6
8659.jpg,693.5
8660.jpg,1167.6
8661.jpg,897.8
8662.jpg,668.3
8663.jpg,1055.6
8664.jpg,500.9
8665.jpg,849.4
8666.jpg,720.6
8667.jpg,764.3
8668.jpg,621.4
8669.jpg,1337.3
8670.jpg,934.6
8671.jpg,514.5
8672.jpg,684.4
8673.jpg,385.3
8674.jpg,1195.6
8675.jpg,904.9
8676.jpg,594.9
8677.jpg,692.6
8678.jpg,745.1
8679.jpg,882.5
8680.jpg,643.0
8681.jpg,759.7
8682.jpg,846.4
8683.jpg,452.3
8684.jpg,439.9
8685.jpg,955.2
8686.jpg,553.7
8687.jpg,876.7
8688.jpg,605.6
8689.jpg,521.7
8690.jpg,565.6
8691.jpg,908.2
8692.jpg,1192.9
8693.jpg,458.3
8694.jpg,641.2
8695.jpg,335.8
8696.jpg,657.7
8697.jpg,368.6
8698.jpg,504.6
8699.jpg,673.0
8700.jpg,1089.1
8701.jpg,491.7
8702.jpg,579.8
8703.jpg,1121.9
8704.jpg,844.5
8705.jpg,681.5
8706.jpg,1016.2
8707.jpg,671.6
8708.jpg,1066.1
8709.jpg,390.1
8710.jpg,651.4
8711.jpg,916.9
8712.jpg,547.4
8713.jpg,730.7
8714.jpg,488.0
8715.jpg,818.0
8716.jpg,761.3
8717.jpg,661.0
8718.jpg,889.8
8719.jpg,670.2
8720.jpg,669.4
8721.jpg,948.0
8722.jpg,606.7
8723.jpg,482.7
8724.jpg,1161.4
8725.jpg,1019.1
8726.jpg,758.1
8727.jpg,509.5
8728.jpg,663.1
8729.jpg,702.5
8730.jpg,642.2
8731.jpg,910.2
8732.jpg,977.1
8733.jpg,593.4
8734.jpg,480.0
8735.jpg,727.2
8736.jpg,995.7
8737.jpg,575.3
8738.jpg,865.6
8739.jpg,471.3
8740.jpg,791.0
8741.jpg,915.0
8742.jpg,1149.1
8743.jpg,497.6
8744.jpg,387.9
8745.jpg,893.1
8746.jpg,616.9
8747.jpg,1234.3
8748.jpg,1116.8
8749.jpg,502.9
8750.jpg,655.7
8751.jpg,721.5
8752.jpg,551.3
8753.jpg,794.6
8754.jpg,789.4
8755.jpg,685.4
8756.jpg,659.5
8757.jpg,958.1
8758.jpg,819.1
8759.jpg,669.1
8760.jpg,625.6
8761.jpg,669.4
8762.jpg,1213.9
8763.jpg,941.9
8764.jpg,602.8
8765.jpg,383.7
8766.jpg,622.1
8767.jpg,1078.3
8768.jpg,368.4
8769.jpg,750.7
8770.jpg,1188.1
8771.jpg,850.8
8772.jpg,608.3
8773.jpg,1068.7
8774.jpg,545.8
8775.jpg,639.1
8776.jpg,581.2
8777.jpg,1025.3
8778.jpg,691.4
8779.jpg,558.0
8780.jpg,547.2
8781.jpg,587.0
8782.jpg,551.2
8783.jpg,914.7
8784.jpg,783.3
8785.jpg,766.6
8786.jpg,609.0
8787.jpg,708.8
8788.jpg,1007.9
8789.jpg,505.3
8790.jpg,562.2
8791.jpg,790.3
8792.jpg,498.1
8793.jpg,471.0
8794.jpg,1341.1
8795.jpg,513.0
8796.jpg,1613.3
8797.jpg,755.9
8798.jpg,623.3
8799.jpg,918.4
8800.jpg,528.7
8801.jpg,694.4
8802.jpg,416.4
8803.jpg,1186.0
8804.jpg,1000.0
8805.jpg,765.9
8806.jpg,550.6
8807.jpg,901.7
8808.jpg,673.1
8809.jpg,434.7
8810.jpg,1625.6
8811.jpg,497.2
8812.jpg,644.3
8813.jpg,712.7
8814.jpg,559.0
8815.jpg,657.5
8816.jpg,609.5
8817.jpg,359.0
8818.jpg,685.4
8819.jpg,653.5
8820.jpg,699.4
8821.jpg,714.3
8822.jpg,548.9
8823.jpg,1374.7
8824.jpg,1256.4
8825.jpg,706.3
8826.jpg,535.3
8827.jpg,590.8
8828.jpg,568.7
8829.jpg,671.7
8830.jpg,802.5
8831.jpg,798.2
8832.jpg,866.4
8833.jpg,834.7
8834.jpg,716.7
8835.jpg,462.7
8836.jpg,1044.0
8837.jpg,830.3
8838.jpg,628.5
8839.jpg,555.4
8840.jpg,666.3
8841.jpg,544.7
8842.jpg,790.4
8843.jpg,1152.7
8844.jpg,1006.4
8845.jpg,1336.7
8846.jpg,1052.0
8847.jpg,757.2
8848.jpg,365.5
8849.jpg,635.8
8850.jpg,1322.7
8851.jpg,610.8
8852.jpg,802.1
8853.jpg,534.9
8854.jpg,518.5
8855.jpg,1058.4
8856.jpg,882.9
8857.jpg,566.0
8858.jpg,584.4
8859.jpg,508.9
8860.jpg,631.0
8861.jpg,1064.9
8862.jpg,745.8
8863.jpg,618.3
8864.jpg,775.1
8865.jpg,667.3
8866.jpg,449.8
8867.jpg,754.3
8868.jpg,1186.4
8869.jpg,811.7
8870.jpg,649.5
8871.jpg,854.5
8872.jpg,481.2
8873.jpg,918.8
8874.jpg,675.6
8875.jpg,928.4
8876.jpg,647.2
8877.jpg,1257.5
8878.jpg,1262.0
8879.jpg,444.7
8880.jpg,420.4
8881.jpg,772.4
8882.jpg,971.6
8883.jpg,849.0
8884.jpg,946.7
8885.jpg,554.5
8886.jpg,1141.3
8887.jpg,610.1
8888.jpg,1194.3
8889.jpg,465.4
8890.jpg,570.6
8891.jpg,823.5
8892.jpg,608.1
8893.jpg,940.0
8894.jpg,671.1
8895.jpg,999.8
8896.jpg,460.3
8897.jpg,730.0
8898.jpg,470.2
8899.jpg,961.6
8900.jpg,1046.5
8901.jpg,567.9
8902.jpg,641.8
8903.jpg,525.5
8904.jpg,870.0
8905.jpg,671.8
8906.jpg,616.3
8907.jpg,480.1
8908.jpg,653.2
8909.jpg,667.2
8910.jpg,564.3
8911.jpg,529.6
8912.jpg,625.3
8913.jpg,779.8
8914.jpg,799.5
8915.jpg,654.1
8916.jpg,616.3
8917.jpg,1178.6
8918.jpg,923.9
8919.jpg,461.3
8920.jpg,570.4
8921.jpg,1275.5
8922.jpg,1326.5
8923.jpg,455.9
8924.jpg,603.3
8925.jpg,808.0
8926.jpg,606.8
8927.jpg,931.6
8928.jpg,1019.5
8929.jpg,1378.6
8930.jpg,1040.2
8931.jpg,603.2
8932.jpg,384.9
8933.jpg,773.9
8934.jpg,397.9
8935.jpg,901.3
8936.jpg,526.1
8937.jpg,516.6
8938.jpg,492.5
8939.jpg,714.2
8940.jpg,544.5
8941.jpg,692.0
8942.jpg,870.2
8943.jpg,306.5
8944.jpg,432.5
8945.jpg,664.4
8946.jpg,1103.6
8947.jpg,772.1
8948.jpg,616.2
8949.jpg,725.1
8950.jpg,814.2
8951.jpg,627.5
8952.jpg,682.2
8953.jpg,649.7
8954.jpg,513.0
8955.jpg,585.8
8956.jpg,868.6
8957.jpg,832.0
8958.jpg,386.8
8959.jpg,374.8
8960.jpg,651.2
8961.jpg,736.3
8962.jpg,867.2
8963.jpg,473.8
8964.jpg,556.3
8965.jpg,1387.1
8966.jpg,827.0
8967.jpg,608.3
8968.jpg,810.3
8969.jpg,651.3
8970.jpg,664.8
8971.jpg,476.4
8972.jpg,606.6
8973.jpg,727.7
8974.jpg,635.1
8975.jpg,1127.6
8976.jpg,720.8
8977.jpg,1155.7
8978.jpg,637.1
8979.jpg,366.7
8980.jpg,776.8
8981.jpg,195.0
8982.jpg,787.0
8983.jpg,587.5
8984.jpg,387.1
8985.jpg,863.4
8986.jpg,636.6
8987.jpg,589.5
8988.jpg,670.3
8989.jpg,1193.7
8990.jpg,790.5
8991.jpg,592.4
8992.jpg,852.2
8993.jpg,708.2
8994.jpg,1231.2
8995.jpg,1593.2
8996.jpg,522.7
8997.jpg,1061.6
8998.jpg,880.6
8999.jpg,492.6
9000.jpg,334.6
9001.jpg,574.4
9002.jpg,808.6
9003.jpg,1015.2
9004.jpg,630.2
9005.jpg,748.0
9006.jpg,729.2
9007.jpg,1181.2
9008.jpg,680.3
9009.jpg,571.3
9010.jpg,472.5
9011.jpg,612.1
9012.jpg,549.2
9013.jpg,644.5
9014.jpg,1153.3
9015.jpg,469.9
9016.jpg,619.2
9017.jpg,899.9
9018.jpg,718.5
9019.jpg,1007.6
9020.jpg,737.9
9021.jpg,523.6
9022.jpg,1298.4
9023.jpg,703.5
9024.jpg,859.5
9025.jpg,653.2
9026.jpg,685.4
9027.jpg,404.3
9028.jpg,1019.2
9029.jpg,1537.7
9030.jpg,585.9
9031.jpg,884.1
9032.jpg,590.9
9033.jpg,730.0
9034.jpg,683.1
9035.jpg,715.3
9036.jpg,1288.0
9037.jpg,555.3
9038.jpg,606.0
9039.jpg,796.3
9040.jpg,297.7
9041.jpg,833.1
9042.jpg,573.2
9043.jpg,919.9
9044.jpg,605.6
9045.jpg,666.1
9046.jpg,934.5
9047.jpg,517.8
9048.jpg,848.4
9049.jpg,796.0
9050.jpg,485.2
9051.jpg,983.1
9052.jpg,646.0
9053.jpg,761.9
9054.jpg,668.9
9055.jpg,511.5
9056.jpg,514.6
9057.jpg,553.3
9058.jpg,443.8
9059.jpg,738.5
9060.jpg,692.6
9061.jpg,774.6
9062.jpg,613.4
9063.jpg,771.4
9064.jpg,815.7
9065.jpg,623.6
9066.jpg,534.9
9067.jpg,428.7
9068.jpg,601.1
9069.jpg,735.1
9070.jpg,442.5
9071.jpg,524.1
9072.jpg,600.5
9073.jpg,869.7
9074.jpg,367.3
9075.jpg,971.2
9076.jpg,319.4
9077.jpg,614.4
9078.jpg,674.7
9079.jpg,533.9
9080.jpg,534.1
9081.jpg,778.9
9082.jpg,637.3
9083.jpg,771.4
9084.jpg,604.3
9085.jpg,890.3
9086.jpg,902.8
9087.jpg,789.7
9088.jpg,1006.6
9089.jpg,498.5
9090.jpg,491.9
9091.jpg,783.4
9092.jpg,451.5
9093.jpg,485.9
9094.jpg,422.3
9095.jpg,570.9
9096.jpg,464.7
9097.jpg,541.6
9098.jpg,1355.7
9099.jpg,1100.9
9100.jpg,983.3
9101.jpg,657.0
9102.jpg,870.2
9103.jpg,912.7
9104.jpg,898.2
9105.jpg,1041.2
9106.jpg,758.5
9107.jpg,447.0
9108.jpg,916.2
9109.jpg,646.4
9110.jpg,423.9
9111.jpg,653.2
9112.jpg,524.3
9113.jpg,849.4
9114.jpg,590.4
9115.jpg,618.9
9116.jpg,647.5
9117.jpg,744.6
9118.jpg,637.4
9119.jpg,860.3
9120.jpg,643.9
9121.jpg,661.1
9122.jpg,545.3
9123.jpg,297.1
9124.jpg,490.9
9125.jpg,559.7
9126.jpg,526.5
9127.jpg,837.8
9128.jpg,544.2
9129.jpg,572.9
9130.jpg,506.9
9131.jpg,480.8
9132.jpg,1060.5
9133.jpg,879.8
9134.jpg,878.6
9135.jpg,549.0
9136.jpg,813.9
9137.jpg,611.4
9138.jpg,1151.6
9139.jpg,476.2
9140.jpg,615.3
9141.jpg,602.4
9142.jpg,720.1
9143.jpg,436.4
9144.jpg,729.8
9145.jpg,1138.1
9146.jpg,683.5
9147.jpg,686.4
9148.jpg,604.2
9149.jpg,1014.2
9150.jpg,917.0
9151.jpg,460.6
9152.jpg,672.1
9153.jpg,519.7
9154.jpg,753.5
9155.jpg,787.8
9156.jpg,581.2
9157.jpg,718.5
9158.jpg,790.6
9159.jpg,598.3
9160.jpg,481.3
9161.jpg,698.3
9162.jpg,516.8
9163.jpg,740.8
9164.jpg,740.7
9165.jpg,276.0
9166.jpg,424.3
9167.jpg,511.6
9168.jpg,675.3
9169.jpg,639.2
9170.jpg,741.9
9171.jpg,1003.9
9172.jpg,446.0
9173.jpg,842.2
9174.jpg,781.7
9175.jpg,1133.3
9176.jpg,765.3
9177.jpg,893.4
9178.jpg,426.5
9179.jpg,899.1
9180.jpg,1191.9
9181.jpg,737.5
9182.jpg,1092.0
9183.jpg,762.3
9184.jpg,478.5
9185.jpg,918.0
9186.jpg,580.7
9187.jpg,538.5
9188.jpg,350.5
9189.jpg,559.2
9190.jpg,1099.4
9191.jpg,536.5
9192.jpg,881.1
9193.jpg,1186.1
9194.jpg,773.6
9195.jpg,331.0
9196.jpg,536.0
9197.jpg,768.6
9198.jpg,572.5
9199.jpg,748.4
9200.jpg,584.3
9201.jpg,515.8
9202.jpg,632.5
9203.jpg,608.6
9204.jpg,648.6
9205.jpg,746.3
9206.jpg,938.8
9207.jpg,965.6
9208.jpg,418.8
9209.jpg,625.2
9210.jpg,829.7
9211.jpg,585.2
9212.jpg,891.5
9213.jpg,752.6
9214.jpg,949.5
9215.jpg,535.4
9216.jpg,810.9
9217.jpg,488.9
9218.jpg,708.1
9219.jpg,492.6
9220.jpg,763.5
9221.jpg,709.3
9222.jpg,710.9
9223.jpg,691.3
9224.jpg,412.8
9225.jpg,628.3
9226.jpg,674.5
9227.jpg,600.7
9228.jpg,792.8
9229.jpg,762.6
9230.jpg,604.1
9231.jpg,369.0
9232.jpg,593.7
9233.jpg,758.8
9234.jpg,489.1
9235.jpg,768.2
9236.jpg,993.1
9237.jpg,1267.8
9238.jpg,495.2
9239.jpg,734.6
9240.jpg,644.8
9241.jpg,654.9
9242.jpg,802.8
9243.jpg,533.6
9244.jpg,1078.9
9245.jpg,1178.0
9246.jpg,930.2
9247.jpg,667.4
9248.jpg,1099.6
9249.jpg,710.3
9250.jpg,1012.8
9251.jpg,551.2
9252.jpg,1244.8
9253.jpg,586.4
9254.jpg,639.7
9255.jpg,964.1
9256.jpg,610.8
9257.jpg,571.2
9258.jpg,706.4
9259.jpg,493.5
9260.jpg,793.0
9261.jpg,268.7
9262.jpg,732.0
9263.jpg,449.8
9264.jpg,1281.1
9265.jpg,471.7
9266.jpg,827.7
9267.jpg,691.8
9268.jpg,771.5
9269.jpg,433.7
9270.jpg,486.9
9271.jpg,892.5
9272.jpg,262.8
9273.jpg,811.1
9274.jpg,482.8
9275.jpg,1444.1
9276.jpg,455.7
9277.jpg,527.8
9278.jpg,596.0
9279.jpg,800.2
9280.jpg,1054.1
9281.jpg,932.3
9282.jpg,535.4
9283.jpg,649.7
9284.jpg,560.7
9285.jpg,729.3
9286.jpg,458.0
9287.jpg,261.8
9288.jpg,505.9
9289.jpg,607.3
9290.jpg,468.9
9291.jpg,488.0
9292.jpg,699.9
9293.jpg,599.6
9294.jpg,789.4
9295.jpg,693.1
9296.jpg,388.6
9297.jpg,372.2
9298.jpg,626.5
9299.jpg,585.7
9300.jpg,774.0
9301.jpg,586.6
9302.jpg,686.1
9303.jpg,701.9
9304.jpg,622.0
9305.jpg,495.6
9306.jpg,496.3
9307.jpg,709.5
9308.jpg,583.6
9309.jpg,1078.6
9310.jpg,802.1
9311.jpg,630.1
9312.jpg,610.5
9313.jpg,668.4
9314.jpg,487.5
9315.jpg,492.1
9316.jpg,655.8
9317.jpg,726.7
9318.jpg,635.3
9319.jpg,904.3
9320.jpg,980.3
9321.jpg,890.0
9322.jpg,640.0
9323.jpg,841.0
9324.jpg,756.8
9325.jpg,528.8
9326.jpg,474.7
9327.jpg,640.0
9328.jpg,546.0
9329.jpg,717.5
9330.jpg,510.3
9331.jpg,262.5
9332.jpg,405.8
9333.jpg,769.3
9334.jpg,885.1
9335.jpg,517.0
9336.jpg,557.5
9337.jpg,582.3
9338.jpg,667.8
9339.jpg,648.6
9340.jpg,554.6
9341.jpg,686.7
9342.jpg,1010.1
9343.jpg,612.0
9344.jpg,555.7
9345.jpg,592.7
9346.jpg,592.2
9347.jpg,615.3
9348.jpg,749.4
9349.jpg,547.4
9350.jpg,630.5
9351.jpg,850.5
9352.jpg,726.2
9353.jpg,1219.8
9354.jpg,974.0
9355.jpg,610.8
9356.jpg,1888.8
9357.jpg,402.5
9358.jpg,491.3
9359.jpg,1004.0
9360.jpg,645.5
9361.jpg,531.8
9362.jpg,728.8
9363.jpg,867.6
9364.jpg,486.9
9365.jpg,975.7
9366.jpg,395.1
9367.jpg,758.4
9368.jpg,592.8
9369.jpg,679.8
9370.jpg,1451.6
9371.jpg,758.0
9372.jpg,696.3
9373.jpg,477.9
9374.jpg,407.5
9375.jpg,1135.1
9376.jpg,426.3
9377.jpg,516.7
9378.jpg,696.6
9379.jpg,808.3
9380.jpg,514.4
9381.jpg,640.7
9382.jpg,303.9
9383.jpg,365.1
9384.jpg,919.3
9385.jpg,788.6
9386.jpg,406.3
9387.jpg,788.1
9388.jpg,523.8
9389.jpg,356.7
9390.jpg,838.9
9391.jpg,488.8
9392.jpg,525.3
9393.jpg,430.1
9394.jpg,505.8
9395.jpg,315.0
9396.jpg,805.2
9397.jpg,635.1
9398.jpg,630.8
9399.jpg,685.9
9400.jpg,709.1
9401.jpg,618.7
9402.jpg,622.8
9403.jpg,704.5
9404.jpg,611.1
9405.jpg,768.4
9406.jpg,325.9
9407.jpg,556.0
9408.jpg,890.6
9409.jpg,587.1
9410.jpg,731.7
9411.jpg,1423.9
9412.jpg,526.5
9413.jpg,750.7
9414.jpg,920.4
9415.jpg,853.0
9416.jpg,584.1
9417.jpg,772.7
9418.jpg,654.8
9419.jpg,1214.7
9420.jpg,401.3
9421.jpg,766.4
9422.jpg,776.6
9423.jpg,857.4
9424.jpg,596.3
9425.jpg,745.0
9426.jpg,614.3
9427.jpg,512.9
9428.jpg,429.7
9429.jpg,546.9
9430.jpg,748.1
9431.jpg,1044.6
9432.jpg,729.8
9433.jpg,739.1
9434.jpg,795.3
9435.jpg,712.3
9436.jpg,573.3
9437.jpg,1014.2
9438.jpg,687.5
9439.jpg,552.0
9440.jpg,1310.3
9441.jpg,381.6
9442.jpg,508.3
9443.jpg,671.6
9444.jpg,572.2
9445.jpg,800.5
9446.jpg,617.6
9447.jpg,1161.1
9448.jpg,540.7
9449.jpg,324.0
9450.jpg,869.1
9451.jpg,488.9
9452.jpg,1212.3
9453.jpg,491.8
9454.jpg,729.4
9455.jpg,787.6
9456.jpg,612.3
9457.jpg,682.1
9458.jpg,1172.5
9459.jpg,461.0
9460.jpg,938.4
9461.jpg,1092.3
9462.jpg,1200.1
9463.jpg,444.4
9464.jpg,823.4
9465.jpg,994.8
9466.jpg,1288.6
9467.jpg,999.4
9468.jpg,628.2
9469.jpg,532.7
9470.jpg,1160.7
9471.jpg,612.9
9472.jpg,478.8
9473.jpg,691.7
9474.jpg,955.4
9475.jpg,510.9
9476.jpg,922.2
9477.jpg,696.1
9478.jpg,1016.7
9479.jpg,595.9
9480.jpg,1121.7
9481.jpg,659.8
9482.jpg,729.7
9483.jpg,880.7
9484.jpg,753.4
9485.jpg,737.4
9486.jpg,850.5
9487.jpg,1269.2
9488.jpg,921.6
9489.jpg,667.1
9490.jpg,703.2
9491.jpg,552.1
9492.jpg,930.5
9493.jpg,1041.1
9494.jpg,988.0
9495.jpg,493.7
9496.jpg,706.3
9497.jpg,685.1
9498.jpg,1229.5
9499.jpg,451.9
9500.jpg,979.0
9501.jpg,493.5
9502.jpg,686.7
9503.jpg,1035.0
9504.jpg,498.9
9505.jpg,685.2
9506.jpg,557.1
9507.jpg,535.0
9508.jpg,448.9
9509.jpg,616.6
9510.jpg,635.7
9511.jpg,682.9
9512.jpg,1032.4
9513.jpg,730.8
9514.jpg,671.3
9515.jpg,325.1
9516.jpg,780.4
9517.jpg,699.3
9518.jpg,569.2
9519.jpg,895.9
9520.jpg,778.5
9521.jpg,1044.4
9522.jpg,213.8
9523.jpg,641.3
9524.jpg,411.3
9525.jpg,1269.2
9526.jpg,763.1
9527.jpg,641.1
9528.jpg,628.8
9529.jpg,599.3
9530.jpg,707.3
9531.jpg,626.0
9532.jpg,317.9
9533.jpg,419.6
9534.jpg,725.8
9535.jpg,584.5
9536.jpg,679.8
9537.jpg,636.6
9538.jpg,471.7
9539.jpg,460.4
9540.jpg,817.9
9541.jpg,526.9
9542.jpg,1201.7
9543.jpg,687.9
9544.jpg,634.3
9545.jpg,433.6
9546.jpg,942.8
9547.jpg,298.6
9548.jpg,717.7
9549.jpg,502.9
9550.jpg,1103.6
9551.jpg,1039.5
9552.jpg,531.8
9553.jpg,1104.3
9554.jpg,630.4
9555.jpg,1022.0
9556.jpg,603.9
9557.jpg,888.7
9558.jpg,858.9
9559.jpg,640.7
9560.jpg,1034.7
9561.jpg,883.4
9562.jpg,753.5
9563.jpg,1094.0
9564.jpg,1012.5
9565.jpg,704.0
9566.jpg,886.4
9567.jpg,529.9
9568.jpg,823.9
9569.jpg,583.4
9570.jpg,799.5
9571.jpg,728.8
9572.jpg,674.9
9573.jpg,372.7
9574.jpg,948.7
9575.jpg,932.3
9576.jpg,710.6
9577.jpg,759.0
9578.jpg,498.9
9579.jpg,996.4
9580.jpg,782.7
9581.jpg,828.7
9582.jpg,992.2
9583.jpg,885.1
9584.jpg,545.5
9585.jpg,621.3
9586.jpg,601.8
9587.jpg,507.4
9588.jpg,522.6
9589.jpg,772.8
9590.jpg,631.0
9591.jpg,908.9
9592.jpg,794.9
9593.jpg,869.4
9594.jpg,566.5
9595.jpg,195.0
9596.jpg,526.1
9597.jpg,478.9
9598.jpg,605.4
9599.jpg,592.9
9600.jpg,599.6
9601.jpg,906.0
9602.jpg,900.1
9603.jpg,541.3
9604.jpg,875.7
9605.jpg,758.9
9606.jpg,619.8
9607.jpg,629.8
9608.jpg,724.8
9609.jpg,448.3
9610.jpg,508.8
9611.jpg,597.4
9612.jpg,683.1
9613.jpg,654.4
9614.jpg,750.1
9615.jpg,615.9
9616.jpg,1039.1
9617.jpg,751.7
9618.jpg,470.8
9619.jpg,611.6
9620.jpg,758.5
9621.jpg,601.2
9622.jpg,836.5
9623.jpg,990.0
9624.jpg,726.8
9625.jpg,1201.9
9626.jpg,649.0
9627.jpg,518.6
9628.jpg,601.3
9629.jpg,858.9
9630.jpg,637.0
9631.jpg,819.8
9632.jpg,439.6
9633.jpg,560.4
9634.jpg,677.7
9635.jpg,765.4
9636.jpg,695.2
9637.jpg,547.6
9638.jpg,869.8
9639.jpg,832.0
9640.jpg,686.3
9641.jpg,437.1
9642.jpg,588.3
9643.jpg,896.6
9644.jpg,659.7
9645.jpg,778.6
9646.jpg,601.3
9647.jpg,761.5
9648.jpg,1032.9
9649.jpg,1123.4
9650.jpg,602.2
9651.jpg,1090.4
9652.jpg,649.5
9653.jpg,516.0
9654.jpg,562.7
9655.jpg,616.8
9656.jpg,614.3
9657.jpg,585.7
9658.jpg,559.8
9659.jpg,657.2
9660.jpg,1164.6
9661.jpg,394.7
9662.jpg,778.8
9663.jpg,612.5
9664.jpg,679.0
9665.jpg,704.8
9666.jpg,604.9
9667.jpg,921.0
9668.jpg,948.0
9669.jpg,679.6
9670.jpg,426.2
9671.jpg,1367.8
9672.jpg,676.8
9673.jpg,405.9
9674.jpg,525.4
9675.jpg,642.8
9676.jpg,590.4
9677.jpg,934.9
9678.jpg,683.1
9679.jpg,425.3
9680.jpg,1036.0
9681.jpg,502.4
9682.jpg,624.7
9683.jpg,850.7
9684.jpg,1437.0
9685.jpg,624.4
9686.jpg,954.9
9687.jpg,585.8
9688.jpg,1498.7
9689.jpg,963.1
9690.jpg,786.9
9691.jpg,839.2
9692.jpg,559.3
9693.jpg,393.2
9694.jpg,697.0
9695.jpg,845.9
9696.jpg,957.4
9697.jpg,814.9
9698.jpg,533.0
9699.jpg,489.3
9700.jpg,456.0
9701.jpg,635.5
9702.jpg,556.5
9703.jpg,1216.2
9704.jpg,663.8
9705.jpg,681.9
9706.jpg,971.9
9707.jpg,557.8
9708.jpg,1099.5
9709.jpg,1334.4
9710.jpg,959.1
9711.jpg,665.3
9712.jpg,438.5
9713.jpg,709.5
9714.jpg,797.2
9715.jpg,962.5
9716.jpg,703.4
9717.jpg,578.5
9718.jpg,350.4
9719.jpg,883.7
9720.jpg,1167.9
9721.jpg,1104.2
9722.jpg,488.0
9723.jpg,775.0
9724.jpg,1341.0
9725.jpg,891.6
9726.jpg,552.1
9727.jpg,345.0
9728.jpg,547.5
9729.jpg,1614.0
9730.jpg,845.3
9731.jpg,1578.3
9732.jpg,689.6
9733.jpg,953.7
9734.jpg,845.1
9735.jpg,940.4
9736.jpg,702.3
9737.jpg,670.1
9738.jpg,748.6
9739.jpg,495.9
9740.jpg,805.9
9741.jpg,812.9
9742.jpg,594.7
9743.jpg,722.5
9744.jpg,676.9
9745.jpg,517.0
9746.jpg,755.0
9747.jpg,449.4
9748.jpg,477.6
9749.jpg,731.0
9750.jpg,846.4
9751.jpg,581.8
9752.jpg,509.7
9753.jpg,1118.0
9754.jpg,480.3
9755.jpg,775.8
9756.jpg,499.7
9757.jpg,417.6
9758.jpg,663.3
9759.jpg,715.8
9760.jpg,495.1
9761.jpg,970.7
9762.jpg,993.4
9763.jpg,910.3
9764.jpg,634.1
9765.jpg,914.5
9766.jpg,1664.5
9767.jpg,459.4
9768.jpg,744.4
9769.jpg,1640.2
9770.jpg,803.4
9771.jpg,733.8
9772.jpg,592.3
9773.jpg,1130.1
9774.jpg,1128.8
9775.jpg,486.9
9776.jpg,574.7
9777.jpg,442.7
9778.jpg,900.0
9779.jpg,1426.0
9780.jpg,1435.0
9781.jpg,793.1
9782.jpg,595.5
9783.jpg,674.4
9784.jpg,625.2
9785.jpg,789.3
9786.jpg,664.6
9787.jpg,563.2
9788.jpg,821.9
9789.jpg,952.7
9790.jpg,1353.6
9791.jpg,708.7
9792.jpg,818.1
9793.jpg,754.4
9794.jpg,414.1
9795.jpg,514.4
9796.jpg,677.2
9797.jpg,635.3
9798.jpg,1011.3
9799.jpg,765.0
9800.jpg,374.9
9801.jpg,888.5
9802.jpg,613.2
9803.jpg,512.6
9804.jpg,856.0
9805.jpg,870.3
9806.jpg,661.9
9807.jpg,557.8
9808.jpg,720.0
9809.jpg,1178.3
9810.jpg,600.8
9811.jpg,667.8
9812.jpg,558.6
9813.jpg,891.3
9814.jpg,583.0
9815.jpg,834.4
9816.jpg,714.8
9817.jpg,767.5
9818.jpg,699.8
9819.jpg,775.4
9820.jpg,844.9
9821.jpg,536.1
9822.jpg,773.3
9823.jpg,1208.1
9824.jpg,778.5
9825.jpg,393.6
9826.jpg,1037.4
9827.jpg,577.0
9828.jpg,1457.4
9829.jpg,663.0
9830.jpg,392.9
9831.jpg,1215.9
9832.jpg,453.0
9833.jpg,571.5
9834.jpg,570.2
9835.jpg,741.2
9836.jpg,729.8
9837.jpg,955.8
9838.jpg,618.5
9839.jpg,289.2
9840.jpg,1038.6
9841.jpg,770.3
9842.jpg,627.4
9843.jpg,649.3
9844.jpg,597.7
9845.jpg,779.4
9846.jpg,660.5
9847.jpg,1099.7
9848.jpg,870.8
9849.jpg,569.2
9850.jpg,641.6
9851.jpg,1368.4
9852.jpg,718.1
9853.jpg,673.5
9854.jpg,721.2
9855.jpg,830.6
9856.jpg,767.5
9857.jpg,1375.3
9858.jpg,916.2
9859.jpg,725.3
9860.jpg,1319.5
9861.jpg,666.6
9862.jpg,438.2
9863.jpg,939.2
9864.jpg,460.8
9865.jpg,537.4
9866.jpg,697.1
9867.jpg,642.5
9868.jpg,370.8
9869.jpg,664.9
9870.jpg,866.0
9871.jpg,614.5
9872.jpg,623.0
9873.jpg,929.3
9874.jpg,531.7
9875.jpg,797.3
9876.jpg,499.7
9877.jpg,388.3
9878.jpg,839.7
9879.jpg,773.6
9880.jpg,915.5
9881.jpg,851.3
9882.jpg,683.5
9883.jpg,677.6
9884.jpg,834.7
9885.jpg,1146.5
9886.jpg,602.3
9887.jpg,361.7
9888.jpg,753.7
9889.jpg,761.1
9890.jpg,599.0
9891.jpg,402.2
9892.jpg,733.8
9893.jpg,577.6
9894.jpg,518.8
9895.jpg,528.7
9896.jpg,1495.3
9897.jpg,701.4
9898.jpg,721.6
9899.jpg,817.4
9900.jpg,568.5
9901.jpg,564.4
9902.jpg,1238.2
9903.jpg,876.6
9904.jpg,811.0
9905.jpg,576.8
9906.jpg,596.2
9907.jpg,689.8
9908.jpg,506.4
9909.jpg,410.0
9910.jpg,554.9
9911.jpg,564.4
9912.jpg,596.4
9913.jpg,794.4
9914.jpg,958.8
9915.jpg,840.6
9916.jpg,891.0
9917.jpg,707.0
9918.jpg,744.2
9919.jpg,593.1
9920.jpg,673.5
9921.jpg,568.1
9922.jpg,1561.7
9923.jpg,530.0
9924.jpg,1094.0
9925.jpg,719.4
9926.jpg,557.0
9927.jpg,862.0
9928.jpg,709.3
9929.jpg,912.5
9930.jpg,735.5
9931.jpg,812.7
9932.jpg,958.9
9933.jpg,510.9
9934.jpg,1039.3
9935.jpg,669.1
9936.jpg,494.9
9937.jpg,731.2
9938.jpg,520.7
9939.jpg,653.0
9940.jpg,575.8
9941.jpg,626.1
9942.jpg,663.1
9943.jpg,720.3
9944.jpg,453.6
9945.jpg,693.9
9946.jpg,705.2
9947.jpg,1553.5
9948.jpg,502.1
9949.jpg,342.6
9950.jpg,871.6
9951.jpg,989.7
9952.jpg,1456.1
9953.jpg,660.2
9954.jpg,996.1
9955.jpg,613.0
9956.jpg,673.6
9957.jpg,791.2
9958.jpg,767.1
9959.jpg,590.2
9960.jpg,781.4
9961.jpg,712.5
9962.jpg,663.8
9963.jpg,606.2
9964.jpg,604.8
9965.jpg,733.1
9966.jpg,644.7
9967.jpg,918.8
9968.jpg,539.9
9969.jpg,511.3
9970.jpg,414.3
9971.jpg,488.3
9972.jpg,911.0
9973.jpg,502.9
9974.jpg,987.9
9975.jpg,584.5
9976.jpg,667.9
9977.jpg,630.7
9978.jpg,731.0
9979.jpg,917.3
9980.jpg,716.9
9981.jpg,603.8
9982.jpg,652.0
9983.jpg,613.0
9984.jpg,842.4
9985.jpg,747.1
9986.jpg,765.5
9987.jpg,898.6
9988.jpg,582.8
9989.jpg,746.6
9990.jpg,1425.6
9991.jpg,634.4
9992.jpg,898.6
9993.jpg,713.9
9994.jpg,374.8
9995.jpg,589.3
9996.jpg,504.0
9997.jpg,612.2
9998.jpg,746.9
9999.jpg,648.9
10000.jpg,650.7
10001.jpg,550.4
10002.jpg,650.8
10003.jpg,1076.0
10004.jpg,1099.3
10005.jpg,483.5
10006.jpg,1490.5
10007.jpg,1240.6
10008.jpg,650.0
10009.jpg,454.3
10010.jpg,572.8
10011.jpg,1211.8
10012.jpg,774.3
10013.jpg,702.2
10014.jpg,764.7
10015.jpg,1055.0
10016.jpg,742.2
10017.jpg,767.6
10018.jpg,617.4
10019.jpg,566.8
10020.jpg,846.9
10021.jpg,554.1
10022.jpg,566.5
10023.jpg,513.0
10024.jpg,1006.9
10025.jpg,414.0
10026.jpg,878.5
10027.jpg,496.3
10028.jpg,561.2
10029.jpg,1465.8
10030.jpg,969.0
10031.jpg,850.8
10032.jpg,716.7
10033.jpg,939.7
10034.jpg,590.9
10035.jpg,894.7
10036.jpg,513.5
10037.jpg,542.1
10038.jpg,642.8
10039.jpg,544.1
10040.jpg,690.8
10041.jpg,1144.9
10042.jpg,608.2
10043.jpg,610.7
10044.jpg,764.6
10045.jpg,529.9
10046.jpg,1468.4
10047.jpg,858.3
10048.jpg,391.9
10049.jpg,989.0
10050.jpg,711.0
10051.jpg,672.7
10052.jpg,495.0
10053.jpg,389.7
10054.jpg,1229.2
10055.jpg,544.7
10056.jpg,679.2
10057.jpg,528.1
10058.jpg,503.9
10059.jpg,585.6
10060.jpg,288.7
10061.jpg,876.2
10062.jpg,661.6
10063.jpg,628.7
10064.jpg,931.3
10065.jpg,529.3
10066.jpg,815.1
10067.jpg,521.3
10068.jpg,330.6
10069.jpg,613.3
10070.jpg,663.1
10071.jpg,418.4
10072.jpg,709.6
10073.jpg,1563.7
10074.jpg,692.9
10075.jpg,544.5
10076.jpg,591.5
10077.jpg,1101.9
10078.jpg,758.8
10079.jpg,1122.1
10080.jpg,538.3
10081.jpg,1445.5
10082.jpg,729.5
10083.jpg,534.5
10084.jpg,582.9
10085.jpg,530.1
10086.jpg,445.4
10087.jpg,1077.2
10088.jpg,655.6
10089.jpg,708.6
10090.jpg,815.7
10091.jpg,1100.9
10092.jpg,842.7
10093.jpg,1029.9
10094.jpg,837.3
10095.jpg,1180.2
10096.jpg,888.5
10097.jpg,728.0
10098.jpg,944.8
10099.jpg,540.6
10100.jpg,792.3
10101.jpg,729.2
10102.jpg,554.9
10103.jpg,1103.8
10104.jpg,1176.9
10105.jpg,698.8
10106.jpg,579.6
10107.jpg,722.7
10108.jpg,942.2
10109.jpg,592.1
10110.jpg,629.2
10111.jpg,428.2
10112.jpg,713.5
10113.jpg,818.5
10114.jpg,684.4
10115.jpg,474.8
10116.jpg,688.9
10117.jpg,624.8
10118.jpg,652.4
10119.jpg,371.4
10120.jpg,514.2
10121.jpg,678.8
10122.jpg,1043.4
10123.jpg,533.1
10124.jpg,777.5
10125.jpg,1329.1
10126.jpg,1022.9
10127.jpg,594.9
10128.jpg,811.1
10129.jpg,963.9
10130.jpg,841.9
10131.jpg,628.6
10132.jpg,697.8
10133.jpg,868.1
10134.jpg,459.5
10135.jpg,511.9
10136.jpg,703.3
10137.jpg,332.0
10138.jpg,672.1
10139.jpg,606.3
10140.jpg,928.0
10141.jpg,570.4
10142.jpg,909.8
10143.jpg,766.2
10144.jpg,929.9
10145.jpg,659.4
10146.jpg,665.4
10147.jpg,811.0
10148.jpg,679.8
10149.jpg,888.1
10150.jpg,926.1
10151.jpg,496.8
10152.jpg,879.3
10153.jpg,640.0
10154.jpg,1102.9
10155.jpg,764.9
10156.jpg,617.4
10157.jpg,886.1
10158.jpg,580.8
10159.jpg,573.1
10160.jpg,621.8
10161.jpg,792.3
10162.jpg,513.2
10163.jpg,762.2
10164.jpg,693.4
10165.jpg,612.2
10166.jpg,560.0
10167.jpg,433.6
10168.jpg,699.8
10169.jpg,593.5
10170.jpg,909.1
10171.jpg,587.9
10172.jpg,667.5
10173.jpg,443.6
10174.jpg,618.2
10175.jpg,713.3
10176.jpg,637.9
10177.jpg,670.2
10178.jpg,573.8
10179.jpg,777.7
10180.jpg,648.7
10181.jpg,636.7
10182.jpg,1237.1
10183.jpg,481.5
10184.jpg,458.7
10185.jpg,1094.1
10186.jpg,1115.1
10187.jpg,538.5
10188.jpg,468.1
10189.jpg,943.0
10190.jpg,1143.4
10191.jpg,551.8
10192.jpg,875.2
10193.jpg,532.8
10194.jpg,453.7
10195.jpg,581.4
10196.jpg,557.8
10197.jpg,708.0
10198.jpg,650.6
10199.jpg,1085.4
10200.jpg,801.8
10201.jpg,647.1
10202.jpg,655.0
10203.jpg,413.9
10204.jpg,1081.9
10205.jpg,490.1
10206.jpg,772.9
10207.jpg,540.7
10208.jpg,804.0
10209.jpg,570.1
10210.jpg,940.0
10211.jpg,588.3
10212.jpg,392.7
10213.jpg,505.5
10214.jpg,638.4
10215.jpg,433.3
10216.jpg,1158.8
10217.jpg,745.1
10218.jpg,1404.8
10219.jpg,444.9
10220.jpg,712.4
10221.jpg,465.7
10222.jpg,709.1
10223.jpg,878.8
10224.jpg,479.8
10225.jpg,601.9
10226.jpg,620.1
10227.jpg,770.9
10228.jpg,691.1
10229.jpg,898.0
10230.jpg,528.8
10231.jpg,701.1
10232.jpg,463.5
10233.jpg,630.7
10234.jpg,463.6
10235.jpg,1491.2
10236.jpg,647.3
10237.jpg,838.2
10238.jpg,839.2
10239.jpg,714.8
10240.jpg,643.2
10241.jpg,627.6
10242.jpg,591.6
10243.jpg,615.7
10244.jpg,719.5
10245.jpg,715.2
10246.jpg,799.8
10247.jpg,626.3
10248.jpg,563.6
10249.jpg,1331.2
10250.jpg,512.0
10251.jpg,521.4
10252.jpg,721.0
10253.jpg,552.5
10254.jpg,1263.0
10255.jpg,510.3
10256.jpg,586.5
10257.jpg,1501.4
10258.jpg,755.1
10259.jpg,662.1
10260.jpg,462.8
10261.jpg,990.7
10262.jpg,463.8
10263.jpg,1321.9
10264.jpg,790.3
10265.jpg,388.1
10266.jpg,753.2
10267.jpg,531.2
10268.jpg,528.0
10269.jpg,717.8
10270.jpg,512.8
10271.jpg,611.3
10272.jpg,439.7
10273.jpg,684.3
10274.jpg,660.8
10275.jpg,338.5
10276.jpg,502.9
10277.jpg,649.1
10278.jpg,762.8
10279.jpg,734.7
10280.jpg,498.3
10281.jpg,731.4
10282.jpg,776.8
10283.jpg,711.3
10284.jpg,832.4
10285.jpg,842.1
10286.jpg,504.3
10287.jpg,562.1
10288.jpg,1356.7
10289.jpg,1193.6
10290.jpg,1219.5
10291.jpg,687.4
10292.jpg,641.1
10293.jpg,601.2
10294.jpg,638.7
10295.jpg,600.1
10296.jpg,838.7
10297.jpg,650.1
10298.jpg,579.3
10299.jpg,482.9
10300.jpg,433.8
10301.jpg,607.2
10302.jpg,701.1
10303.jpg,341.5
10304.jpg,884.0
10305.jpg,705.2
10306.jpg,624.7
10307.jpg,756.1
10308.jpg,608.7
10309.jpg,787.7
10310.jpg,609.2
10311.jpg,524.6
10312.jpg,379.4
10313.jpg,476.2
10314.jpg,1233.7
10315.jpg,572.8
10316.jpg,1057.1
10317.jpg,641.2
10318.jpg,672.8
10319.jpg,558.5
10320.jpg,1328.6
10321.jpg,694.7
10322.jpg,727.4
10323.jpg,575.8
10324.jpg,1003.8
10325.jpg,780.1
10326.jpg,656.2
10327.jpg,396.5
10328.jpg,636.8
10329.jpg,662.9
10330.jpg,942.7
10331.jpg,633.6
10332.jpg,870.7
10333.jpg,538.9
10334.jpg,681.6
10335.jpg,812.3
10336.jpg,596.3
10337.jpg,833.0
10338.jpg,598.0
10339.jpg,548.0
10340.jpg,779.1
10341.jpg,552.1
10342.jpg,566.5
10343.jpg,564.3
10344.jpg,525.9
10345.jpg,783.7
10346.jpg,1108.4
10347.jpg,543.1
10348.jpg,665.3
10349.jpg,526.6
10350.jpg,546.9
10351.jpg,786.0
10352.jpg,624.6
10353.jpg,700.6
10354.jpg,627.2
10355.jpg,968.4
10356.jpg,822.0
10357.jpg,556.8
10358.jpg,1182.6
10359.jpg,367.9
10360.jpg,918.2
10361.jpg,1046.2
10362.jpg,509.1
10363.jpg,805.5
10364.jpg,665.9
10365.jpg,412.7
10366.jpg,1177.3
10367.jpg,790.0
10368.jpg,649.0
10369.jpg,608.8
10370.jpg,819.4
10371.jpg,1204.2
10372.jpg,670.0
10373.jpg,1393.2
10374.jpg,560.5
10375.jpg,554.8
10376.jpg,667.0
10377.jpg,877.2
10378.jpg,745.8
10379.jpg,644.1
10380.jpg,1313.0
10381.jpg,906.9
10382.jpg,705.0
10383.jpg,911.4
10384.jpg,575.1
10385.jpg,508.2
10386.jpg,1160.6
10387.jpg,565.3
10388.jpg,564.1
10389.jpg,576.9
10390.jpg,642.5
10391.jpg,705.5
10392.jpg,538.7
10393.jpg,1349.4
10394.jpg,591.3
10395.jpg,589.9
10396.jpg,947.1
10397.jpg,717.2
10398.jpg,716.6
10399.jpg,516.9
10400.jpg,636.7
10401.jpg,914.7
10402.jpg,1066.9
10403.jpg,615.4
10404.jpg,1352.6
10405.jpg,617.3
10406.jpg,766.4
10407.jpg,764.2
10408.jpg,862.2
10409.jpg,527.6
10410.jpg,910.8
10411.jpg,662.8
10412.jpg,553.0
10413.jpg,536.3
10414.jpg,497.4
10415.jpg,854.7
10416.jpg,911.9
10417.jpg,1140.1
10418.jpg,577.2
10419.jpg,893.8
10420.jpg,699.2
10421.jpg,450.4
10422.jpg,874.3
10423.jpg,1277.4
10424.jpg,449.3
10425.jpg,522.3
10426.jpg,610.8
10427.jpg,700.2
10428.jpg,492.8
10429.jpg,603.9
10430.jpg,1078.7
10431.jpg,755.1
10432.jpg,1098.0
10433.jpg,644.0
10434.jpg,678.7
10435.jpg,493.2
10436.jpg,653.4
10437.jpg,1078.3
10438.jpg,797.7
10439.jpg,904.9
10440.jpg,1019.0
10441.jpg,600.5
10442.jpg,501.4
10443.jpg,456.7
10444.jpg,567.7
10445.jpg,331.4
10446.jpg,541.0
10447.jpg,558.0
10448.jpg,677.6
10449.jpg,578.3
10450.jpg,732.3
10451.jpg,1609.3
10452.jpg,982.9
10453.jpg,591.7
10454.jpg,600.4
10455.jpg,617.9
10456.jpg,419.5
10457.jpg,790.4
10458.jpg,573.8
10459.jpg,674.9
10460.jpg,872.0
10461.jpg,592.0
10462.jpg,1339.4
10463.jpg,1259.4
10464.jpg,652.9
10465.jpg,809.5
10466.jpg,451.0
10467.jpg,768.1
10468.jpg,767.1
10469.jpg,586.9
10470.jpg,759.5
10471.jpg,838.5
10472.jpg,607.6
10473.jpg,1026.6
10474.jpg,840.6
10475.jpg,1114.3
10476.jpg,575.0
10477.jpg,526.2
10478.jpg,876.9
10479.jpg,629.7
10480.jpg,938.4
10481.jpg,565.8
10482.jpg,626.1
10483.jpg,724.1
10484.jpg,1319.6
10485.jpg,589.9
10486.jpg,590.2
10487.jpg,1101.8
10488.jpg,1123.7
10489.jpg,485.5
10490.jpg,608.9
10491.jpg,709.5
10492.jpg,389.0
10493.jpg,1010.7
10494.jpg,777.9
10495.jpg,600.0
10496.jpg,678.8
10497.jpg,646.1
10498.jpg,647.0
10499.jpg,460.2
10500.jpg,1028.3
10501.jpg,1124.8
10502.jpg,874.6
10503.jpg,559.4
10504.jpg,581.3
10505.jpg,861.0
10506.jpg,508.6
10507.jpg,558.5
10508.jpg,607.1
10509.jpg,584.9
10510.jpg,797.5
10511.jpg,636.0
10512.jpg,586.8
10513.jpg,736.5
10514.jpg,680.8
10515.jpg,593.7
10516.jpg,609.8
10517.jpg,852.1
10518.jpg,657.3
10519.jpg,806.8
10520.jpg,483.9
10521.jpg,472.1
10522.jpg,1185.3
10523.jpg,1043.9
10524.jpg,901.6
10525.jpg,559.1
10526.jpg,1946.3
10527.jpg,828.2
10528.jpg,652.8
10529.jpg,533.2
10530.jpg,672.8
10531.jpg,818.9
10532.jpg,764.2
10533.jpg,745.8
10534.jpg,739.4
10535.jpg,702.2
10536.jpg,420.7
10537.jpg,549.0
10538.jpg,535.7
10539.jpg,840.8
10540.jpg,518.1
10541.jpg,778.1
10542.jpg,846.7
10543.jpg,338.9
10544.jpg,569.2
10545.jpg,1463.0
10546.jpg,546.4
10547.jpg,653.0
10548.jpg,717.0
10549.jpg,685.3
10550.jpg,572.3
10551.jpg,680.6
10552.jpg,420.2
10553.jpg,844.4
10554.jpg,619.0
10555.jpg,569.6
10556.jpg,604.4
10557.jpg,568.6
10558.jpg,466.3
10559.jpg,574.2
10560.jpg,527.8
10561.jpg,597.5
10562.jpg,789.1
10563.jpg,693.9
10564.jpg,655.0
10565.jpg,622.7
10566.jpg,621.0
10567.jpg,1294.2
10568.jpg,790.2
10569.jpg,862.2
10570.jpg,386.9
10571.jpg,908.1
10572.jpg,694.9
10573.jpg,732.8
10574.jpg,619.2
10575.jpg,703.7
10576.jpg,1311.3
10577.jpg,1227.2
10578.jpg,814.9
10579.jpg,522.5
10580.jpg,783.6
10581.jpg,1031.0
10582.jpg,1120.1
10583.jpg,780.9
10584.jpg,615.1
10585.jpg,738.0
10586.jpg,1293.3
10587.jpg,650.4
10588.jpg,925.0
10589.jpg,652.2
10590.jpg,754.8
10591.jpg,633.3
10592.jpg,690.2
10593.jpg,941.8
10594.jpg,648.4
10595.jpg,641.4
10596.jpg,487.1
10597.jpg,587.6
10598.jpg,717.6
10599.jpg,1089.2
10600.jpg,320.2
10601.jpg,503.8
10602.jpg,1103.3
10603.jpg,500.2
10604.jpg,770.7
10605.jpg,510.6
10606.jpg,563.7
10607.jpg,816.1
10608.jpg,578.9
10609.jpg,901.5
10610.jpg,838.0
10611.jpg,632.8
10612.jpg,617.5
10613.jpg,376.0
10614.jpg,539.3
10615.jpg,571.7
10616.jpg,734.7
10617.jpg,781.4
10618.jpg,1121.2
10619.jpg,1844.3
10620.jpg,761.5
10621.jpg,415.5
10622.jpg,459.5
10623.jpg,609.9
10624.jpg,464.6
10625.jpg,573.6
10626.jpg,726.0
10627.jpg,578.6
10628.jpg,946.2
10629.jpg,458.8
10630.jpg,501.6
10631.jpg,602.8
10632.jpg,807.5
10633.jpg,750.5
10634.jpg,724.9
10635.jpg,940.3
10636.jpg,469.5
10637.jpg,825.5
10638.jpg,326.6
10639.jpg,537.4
10640.jpg,644.7
10641.jpg,461.2
10642.jpg,810.5
10643.jpg,792.9
10644.jpg,484.2
10645.jpg,594.8
10646.jpg,599.9
10647.jpg,569.5
10648.jpg,1123.9
10649.jpg,515.9
10650.jpg,445.8
10651.jpg,275.8
10652.jpg,971.2
10653.jpg,628.5
10654.jpg,1090.3
10655.jpg,581.1
10656.jpg,730.2
10657.jpg,410.3
10658.jpg,524.8
10659.jpg,626.9
10660.jpg,561.3
10661.jpg,1475.8
10662.jpg,487.5
10663.jpg,631.4
10664.jpg,528.6
10665.jpg,1098.0
10666.jpg,492.0
10667.jpg,528.0
10668.jpg,826.7
10669.jpg,686.5
10670.jpg,1155.5
10671.jpg,728.1
10672.jpg,551.4
10673.jpg,882.6
10674.jpg,644.0
10675.jpg,650.4
10676.jpg,992.3
10677.jpg,653.2
10678.jpg,608.1
10679.jpg,993.3
10680.jpg,717.4
10681.jpg,732.2
10682.jpg,520.9
10683.jpg,427.4
10684.jpg,640.5
10685.jpg,459.6
10686.jpg,854.3
10687.jpg,659.3
10688.jpg,824.3
10689.jpg,817.9
10690.jpg,555.5
10691.jpg,952.4
10692.jpg,970.9
10693.jpg,552.3
10694.jpg,917.7
10695.jpg,751.8
10696.jpg,1066.2
10697.jpg,820.6
10698.jpg,778.2
10699.jpg,858.3
10700.jpg,1031.5
10701.jpg,475.8
10702.jpg,723.3
10703.jpg,511.7
10704.jpg,868.7
10705.jpg,782.9
10706.jpg,564.4
10707.jpg,978.0
10708.jpg,735.0
10709.jpg,1089.4
10710.jpg,798.7
10711.jpg,726.2
10712.jpg,767.9
10713.jpg,678.9
10714.jpg,991.3
10715.jpg,825.2
10716.jpg,529.1
10717.jpg,477.1
10718.jpg,754.5
10719.jpg,557.5
10720.jpg,718.1
10721.jpg,662.6
10722.jpg,835.1
10723.jpg,1242.4
10724.jpg,492.8
10725.jpg,1111.7
10726.jpg,902.0
10727.jpg,542.0
10728.jpg,699.7
10729.jpg,773.4
10730.jpg,801.3
10731.jpg,1062.2
10732.jpg,671.1
10733.jpg,387.4
10734.jpg,936.8
10735.jpg,587.3
10736.jpg,640.3
10737.jpg,939.9
10738.jpg,871.5
10739.jpg,535.7
10740.jpg,1081.9
10741.jpg,453.0
10742.jpg,811.4
10743.jpg,647.6
10744.jpg,843.7
10745.jpg,456.9
10746.jpg,406.1
10747.jpg,691.3
10748.jpg,897.8
10749.jpg,644.7
10750.jpg,677.7
10751.jpg,690.6
10752.jpg,625.9
10753.jpg,1492.3
10754.jpg,672.4
10755.jpg,605.8
10756.jpg,1164.7
10757.jpg,552.9
10758.jpg,603.8
10759.jpg,850.7
10760.jpg,671.6
10761.jpg,534.2
10762.jpg,1254.5
10763.jpg,711.6
10764.jpg,1286.6
10765.jpg,582.2
10766.jpg,445.9
10767.jpg,1100.1
10768.jpg,1516.8
10769.jpg,616.3
10770.jpg,706.5
10771.jpg,501.5
10772.jpg,463.1
10773.jpg,772.6
10774.jpg,532.2
10775.jpg,786.4
10776.jpg,726.4
10777.jpg,872.8
10778.jpg,512.8
10779.jpg,602.8
10780.jpg,686.4
10781.jpg,678.3
10782.jpg,1198.5
10783.jpg,1024.5
10784.jpg,498.6
10785.jpg,905.9
10786.jpg,681.1
10787.jpg,748.4
10788.jpg,830.3
10789.jpg,839.8
10790.jpg,728.5
10791.jpg,601.5
10792.jpg,711.1
10793.jpg,524.0
10794.jpg,782.9
10795.jpg,923.0
10796.jpg,835.9
10797.jpg,482.7
10798.jpg,734.7
10799.jpg,492.3
10800.jpg,899.6
10801.jpg,961.8
10802.jpg,612.3
10803.jpg,779.4
10804.jpg,807.3
10805.jpg,815.8
10806.jpg,705.1
10807.jpg,729.3
10808.jpg,589.3
10809.jpg,552.8
10810.jpg,1049.6
10811.jpg,681.8
10812.jpg,623.9
10813.jpg,656.2
10814.jpg,831.9
10815.jpg,929.3
10816.jpg,575.6
10817.jpg,632.3
10818.jpg,393.0
10819.jpg,409.0
10820.jpg,597.2
10821.jpg,555.7
10822.jpg,812.8
10823.jpg,948.9
10824.jpg,1054.7
10825.jpg,690.6
10826.jpg,636.1
10827.jpg,935.5
10828.jpg,1124.0
10829.jpg,748.1
10830.jpg,333.5
10831.jpg,1060.7
10832.jpg,603.4
10833.jpg,626.2
10834.jpg,1001.3
10835.jpg,636.8
10836.jpg,972.9
10837.jpg,761.2
10838.jpg,563.8
10839.jpg,664.2
10840.jpg,646.7
10841.jpg,1059.6
10842.jpg,1176.1
10843.jpg,789.6
10844.jpg,662.0
10845.jpg,863.6
10846.jpg,1112.5
10847.jpg,424.2
10848.jpg,590.3
10849.jpg,933.4
10850.jpg,944.2
10851.jpg,535.2
10852.jpg,676.9
10853.jpg,1067.5
10854.jpg,1140.6
10855.jpg,626.1
10856.jpg,615.6
10857.jpg,1197.1
10858.jpg,504.1
10859.jpg,785.5
10860.jpg,980.3
10861.jpg,1090.3
10862.jpg,689.5
10863.jpg,419.3
10864.jpg,428.9
10865.jpg,819.1
10866.jpg,758.1
10867.jpg,973.2
10868.jpg,705.4
10869.jpg,481.7
10870.jpg,891.9
10871.jpg,949.4
10872.jpg,1314.4
10873.jpg,588.5
10874.jpg,675.4
10875.jpg,538.8
10876.jpg,403.3
10877.jpg,598.8
10878.jpg,638.3
10879.jpg,517.2
10880.jpg,455.5
10881.jpg,597.9
10882.jpg,1132.1
10883.jpg,1041.5
10884.jpg,633.8
10885.jpg,688.2
10886.jpg,593.8
10887.jpg,857.1
10888.jpg,725.6
10889.jpg,714.5
10890.jpg,709.0
10891.jpg,870.0
10892.jpg,606.2
10893.jpg,891.0
10894.jpg,493.1
10895.jpg,331.7
10896.jpg,673.4
10897.jpg,915.0
10898.jpg,843.2
10899.jpg,478.1
10900.jpg,590.9
10901.jpg,950.7
10902.jpg,599.8
10903.jpg,462.8
10904.jpg,556.9
10905.jpg,793.5
10906.jpg,1221.4
10907.jpg,477.7
10908.jpg,1369.8
10909.jpg,533.0
10910.jpg,438.7
10911.jpg,439.6
10912.jpg,599.5
10913.jpg,973.7
10914.jpg,627.6
10915.jpg,712.6
10916.jpg,578.7
10917.jpg,1494.9
10918.jpg,661.6
10919.jpg,650.1
10920.jpg,517.8
10921.jpg,794.2
10922.jpg,843.2
10923.jpg,543.9
10924.jpg,557.8
10925.jpg,747.8
10926.jpg,710.1
10927.jpg,508.8
10928.jpg,513.7
10929.jpg,729.2
10930.jpg,503.7
10931.jpg,757.7
10932.jpg,580.7
10933.jpg,845.3
10934.jpg,1080.0
10935.jpg,992.7
10936.jpg,890.0
10937.jpg,640.6
10938.jpg,665.4
10939.jpg,680.8
10940.jpg,1194.1
10941.jpg,998.9
10942.jpg,526.4
10943.jpg,583.3
10944.jpg,651.2
10945.jpg,494.5
10946.jpg,566.6
10947.jpg,701.0
10948.jpg,646.1
10949.jpg,860.5
10950.jpg,819.1
10951.jpg,649.1
10952.jpg,822.1
10953.jpg,602.4
10954.jpg,558.0
10955.jpg,532.0
10956.jpg,926.2
10957.jpg,651.2
10958.jpg,871.7
10959.jpg,804.9
10960.jpg,1236.7
10961.jpg,586.4
10962.jpg,444.9
10963.jpg,1052.8
10964.jpg,501.3
10965.jpg,819.6
10966.jpg,673.0
10967.jpg,391.7
10968.jpg,501.5
10969.jpg,1456.8
10970.jpg,992.3
10971.jpg,629.5
10972.jpg,783.7
10973.jpg,1285.3
10974.jpg,912.2
10975.jpg,741.1
10976.jpg,912.0
10977.jpg,1041.7
10978.jpg,885.9
10979.jpg,738.9
10980.jpg,1212.7
10981.jpg,701.3
10982.jpg,1074.2
10983.jpg,906.4
10984.jpg,572.8
10985.jpg,931.5
10986.jpg,672.5
10987.jpg,581.0
10988.jpg,556.4
10989.jpg,673.5
10990.jpg,831.0
10991.jpg,517.5
10992.jpg,642.2
10993.jpg,563.2
10994.jpg,1521.3
10995.jpg,879.8
10996.jpg,512.4
10997.jpg,531.6
10998.jpg,566.5
10999.jpg,527.7
11000.jpg,711.1
